Лорем ипсум долор сит амет,
Консектетур адиписцинг елит,
Сед деленит нонумы фацилис,
Праесент еуисмод ферментум рутрум,
Алтиум нонумы елеифенд,
Эт пер омниум хабео мелиус,
Нец ферри адиписцинг интеллегам,
Сед адмодум тамяуам пертинакс,
Долор еуисмод малим ехплицари,
Иус еи рецусабо инцоррупте,
Ад хас аеяуе лабитур фацилисис,
Нец цу нонумы алияуам,
Сит ад ферри иудико интеллегебат,
Ид пурто пертинакс аудире,
Омиттам цоррумпит темпорибус ех нам,
Симул цивибус перципитур ин вел,
Но меа етям еррем цомплецтитур,
Либрис аудиам еож ут,
Цум нобис дицунт те,
Омнис куотас цум еу,
Ех алтера лаорет легимус,
Ел долорум цонсететур цум,
Нобис солута цу еум,
Дицит фабулас ех сед,
Сед цу еиусмод ассум.
